"OutcomeFactor","MeanAge","SDAge","N"
"No Diabetes",31.19,11.6676547916312,500
"Diabetes",37.0671641791045,10.9682536523679,268
