"AgeGroup","Total","DiabetesCount","DiabetesRate"
"<30",396,84,21.2121212121212
"30-39",165,76,46.0606060606061
"40-49",118,65,55.0847457627119
"50+",89,43,48.314606741573
