"OutcomeFactor","MeanBMI","SDBMI","N"
"No Diabetes",30.8596741344196,6.56073688430069,491
"Diabetes",35.4067669172932,6.61498237124503,266
