"","Pregnancies","Glucose","BloodPressure","SkinThickness","Insulin","BMI","DiabetesPedigreeFunction","Age"
"Pregnancies",1,0.128134551683885,0.214178483377449,0.100239072442184,0.0821710257313715,0.0217189193171461,-0.0335226729626131,0.544341228402339
"Glucose",0.128134551683885,1,0.223191778249542,0.228043226781864,0.581186208912165,0.232770511035513,0.137245741225302,0.267135554731253
"BloodPressure",0.214178483377449,0.223191778249542,1,0.226839067407822,0.0982722994546555,0.289230340404667,-0.00280452654193612,0.330107425203001
"SkinThickness",0.100239072442184,0.228043226781864,0.226839067407822,1,0.184888420189759,0.648213943092321,0.115016426071087,0.166815774198859
"Insulin",0.0821710257313715,0.581186208912165,0.0982722994546555,0.184888420189759,1,0.228050157416571,0.130395071674062,0.220260684774771
"BMI",0.0217189193171461,0.232770511035513,0.289230340404667,0.648213943092321,0.228050157416571,1,0.155381745651393,0.025841458169262
"DiabetesPedigreeFunction",-0.0335226729626131,0.137245741225302,-0.00280452654193612,0.115016426071087,0.130395071674062,0.155381745651393,1,0.0335613124348055
"Age",0.544341228402339,0.267135554731253,0.330107425203001,0.166815774198859,0.220260684774771,0.025841458169262,0.0335613124348055,1
