"Variable","Mean","Median","Mode","Min","Max","Range","SD"
"Age",33.2408854166667,29,22,21,81,60,11.7602315406787
"BMI",32.457463672391,32.3,32,18.2,67.1,48.9,6.9249883321059
"Glucose",121.686762778506,117,100,44,199,155,30.535641072804
"BloodPressure",72.4051841746248,72,70,24,122,98,12.3821582101053
"Pregnancies",3.84505208333333,3,1,0,17,17,3.36957806269887
