"OutcomeFactor","MeanDPF","SDDPF","N"
"No Diabetes",0.429734,0.299085304357411,500
"Diabetes",0.5505,0.372354483554611,268
