"AgeGroup","MeanGlucose","SDGlucose","N"
"<30",114.613231552163,27.34078264988,393
"30-39",126.073170731707,31.6028966940585,164
"40-49",125.709401709402,32.1282612269408,117
"50+",139.550561797753,30.4947876455048,89
