"OutcomeFactor","MeanGlucose","SDGlucose","N"
"No Diabetes",110.643863179074,24.776906349897,497
"Diabetes",142.31954887218,29.5991992717973,266
