"","Resid. Df","Resid. Dev","Df","Deviance","Pr(>Chi)"
"1",747,712.898766031059,NA,NA,NA
"2",746,712.334972384805,1,0.563793646254226,0.45273575046056
