"Accuracy","Sensitivity","Specificity"
0.769946808510638,0.568181818181818,0.879098360655738
