"","vars","n","mean","sd","median","trimmed","mad","min","max","range","skew","kurtosis","se"
"Pregnancies",1,768,3.84505208333333,3.36957806269887,3,3.46103896103896,2.9652,0,17,17,0.898154872604808,0.142183957122032,0.121589175097166
"Glucose",2,763,121.686762778506,30.535641072804,117,119.657937806874,29.652,44,199,155,0.528902592920375,-0.290197982867499,1.10546443020911
"BloodPressure",3,733,72.4051841746248,12.3821582101053,72,72.2896081771721,11.8608,24,122,98,0.133604174887817,0.886154942641335,0.457345448648866
"SkinThickness",4,541,29.1534195933457,10.4769823699872,29,28.8752886836028,10.3782,7,99,92,0.686794052945832,2.87557947799514,0.450440654203611
"Insulin",5,394,155.548223350254,118.775855187245,125,135.319620253165,81.543,14,846,832,2.14999583809406,6.22775417309841,5.9838411376017
"BMI",6,757,32.457463672391,6.9249883321059,32.3,32.1105436573311,6.81996,18.2,67.1,48.9,0.591617914403599,0.839606953061497,0.251692982022168
"DiabetesPedigreeFunction",7,768,0.471876302083333,0.331328595012775,0.3725,0.421553571428571,0.2483355,0.078,2.42,2.342,1.91241792381955,5.52853885711983,0.0119557908450529
"Age",8,768,33.2408854166667,11.7602315406787,29,31.5438311688312,10.3782,21,81,60,1.12518804431459,0.621726907802015,0.424360802858948
"Outcome",9,768,0.348958333333333,0.476951377242799,0,0.311688311688312,0,0,1,1,0.632538262922643,-1.60197616835257,0.0172105003775933
