"Var1","Freq"
"No Diabetes",65.1041666666667
"Diabetes",34.8958333333333
