"PregnancyGroup","Total","DiabetesCount","DiabetesRate"
"0",111,38,34.2342342342342
"1-2",238,48,20.1680672268908
"3-4",143,50,34.965034965035
"5+",276,132,47.8260869565217
